name,time
['ilija_286.jpg'],['Tue Nov 29 08:47:55 2022']
['ilija_281.jpg'],['Tue Nov 29 08:48:00 2022']
['ilija_290.jpg'],['Tue Nov 29 08:48:02 2022']
['ilija_290.jpg'],['Tue Nov 29 08:48:03 2022']
['ilija_290.jpg'],['Tue Nov 29 08:48:05 2022']
['ilija_290.jpg'],['Tue Nov 29 08:48:09 2022']
['ilija_281.jpg'],['Tue Nov 29 08:48:38 2022']
['ilija_290.jpg'],['Tue Nov 29 08:48:47 2022']
['ilija_286.jpg'],['Tue Nov 29 08:48:48 2022']
['ilija_106.jpg'],['Tue Nov 29 09:30:11 2022']
['ilija_177.jpg'],['Tue Nov 29 09:30:12 2022']
